<?xml version="1.0" encoding="UTF-8"?>
<beans xmlns="http://www.springframework.org/schema/beans"
	xmlns:xsi="http://www.w3.org/2001/XMLSchema-instance"
	xsi:schemaLocation="http://www.springframework.org/schema/beans http://www.springframework.org/schema/beans/spring-beans.xsd">

<bean class="p1.Car" id="myCar">
<constructor-arg name="name" value="BMW"/>
<constructor-arg name="color" value="Black"/>
</bean>

<bean class="p1.Car" id="myCar2">
<property name="name" value="AUDI"/>
<property name="color" value="White"/>
</bean>	

</beans>